Sequence	Method	Ka	Ks	Ka/Ks	P-Value(Fisher)	Length	S-Sites	N-Sites	Fold-Sites(0:2:4)	Substitutions	S-Substitutions	N-Substitutions	Fold-S-Substitutions(0:2:4)	Fold-N-Substitutions(0:2:4)	Divergence-Time	Substitution-Rate-Ratio(rTC:rAG:rTA:rCG:rTG:rCA/rCA)	GC(1:2:3)	ML-Score	AICc	Akaike-Weight	Model
Ath_NP_172319.1-Ath_NP_172320.1	NG	0.112319	0.290942	0.386055	8.48346e-10	1452	332.779	1119.22	NA	197	80.25	116.75	NA	NA	0.153257	1:1:1:1:1:1	0.258011(0.307116:0.224095:0.242821)	NA	NA	NA	NA
Ath_NP_172319.1-Ath_NP_173278.1	NG	0.764799	3.11168	0.245784	1.0333e-14	1206	281.216	924.784	NA	651	207.583	443.417	NA	NA	1.31204	1:1:1:1:1:1	0.297545(0.331461:0.262797:0.298377)	NA	NA	NA	NA
Ath_NP_172319.1-Ath_NP_173919.1	NG	0.793911	NA	NA	7.99836e-17	1212	280.29	931.71	NA	671	214.667	456.333	NA	NA	0.379047	1:1:1:1:1:1	0.274657(0.322097:0.240949:0.260924)	NA	NA	NA	NA
Ath_NP_172319.1-Ath_NP_564935.1	NG	0.800714	3.14307	0.254756	9.658e-14	1218	282.272	935.728	NA	669	208.5	460.5	NA	NA	1.34356	1:1:1:1:1:1	0.272368(0.318976:0.235331:0.262797)	NA	NA	NA	NA
Ath_NP_172319.1-Ath_NP_001325206.1	NG	0.820038	NA	NA	3.05604e-15	1254	292.313	961.687	NA	700	220.417	479.583	NA	NA	0.395779	1:1:1:1:1:1	0.27965(0.322097:0.246567:0.270287)	NA	NA	NA	NA
Ath_NP_172319.1-Ath_NP_001324626.1	NG	0.209085	0.951142	0.219825	3.6371e-35	1422	326.843	1095.16	NA	376	176.167	199.833	NA	NA	0.379645	1:1:1:1:1:1	0.254474(0.302122:0.21598:0.245318)	NA	NA	NA	NA
Ath_NP_172319.1-Ath_NP_180292.1	NG	0.209085	0.951142	0.219825	3.6371e-35	1422	326.843	1095.16	NA	376	176.167	199.833	NA	NA	0.379645	1:1:1:1:1:1	0.259467(0.305868:0.222846:0.249688)	NA	NA	NA	NA
Ath_NP_172319.1-Ath_NP_001327288.1	NG	0.519161	NA	NA	4.07883e-33	1365	317.133	1047.87	NA	631	238.417	392.583	NA	NA	0.166211	1:1:1:1:1:1	0.2603(0.305868:0.222222:0.252809)	NA	NA	NA	NA
Ath_NP_172319.1-Ath_NP_188473.1	NG	0.753743	2.62666	0.286959	1.20505e-14	1275	296.833	978.167	NA	681	215.917	465.083	NA	NA	1.18978	1:1:1:1:1:1	0.30129(0.348939:0.260924:0.294007)	NA	NA	NA	NA
Ath_NP_172319.1-Ath_NP_001319836.1	NG	0.557734	2.93141	0.190261	4.65045e-25	1251	289.25	961.75	NA	591	212.583	378.417	NA	NA	1.10656	1:1:1:1:1:1	0.25697(0.302122:0.228464:0.240325)	NA	NA	NA	NA
Ath_NP_172319.1-Ath_NP_193531.1	NG	0.638448	2.25876	0.282654	8.69869e-18	1257	291.921	965.079	NA	623	208.167	414.833	NA	NA	1.01474	1:1:1:1:1:1	0.281939(0.330212:0.248439:0.267166)	NA	NA	NA	NA
Ath_NP_172319.1-Ath_NP_199472.1	NG	0.648977	2.18103	0.297555	2.49818e-16	1233	285.706	947.294	NA	614	202.583	411.417	NA	NA	1.00398	1:1:1:1:1:1	0.270703(0.304619:0.234707:0.272784)	NA	NA	NA	NA
Ath_NP_172319.1-Ath_NP_001032019.1	NG	0.650307	1.92063	0.33859	7.49613e-14	1185	270.926	914.074	NA	585	187.5	397.5	NA	NA	0.940742	1:1:1:1:1:1	0.269247(0.317104:0.23221:0.258427)	NA	NA	NA	NA
Ath_NP_172319.1-Ath_NP_001119385.1	NG	0.629793	1.91815	0.328333	5.67734e-14	1116	253.778	862.222	NA	543	175.583	367.417	NA	NA	0.922765	1:1:1:1:1:1	0.263421(0.310237:0.227216:0.252809)	NA	NA	NA	NA
Ath_NP_172319.1-Ath_NP_199473.1	NG	0.63014	1.98973	0.316696	2.93817e-16	1257	292.253	964.747	NA	615	203.75	411.25	NA	NA	0.946246	1:1:1:1:1:1	0.275489(0.323346:0.240325:0.262797)	NA	NA	NA	NA
Ath_NP_172320.1-Ath_NP_173278.1	NG	0.764237	NA	NA	7.07884e-17	1206	284.302	921.698	NA	656	214.25	441.75	NA	NA	0.348336	1:1:1:1:1:1	0.300042(0.335206:0.264669:0.30025)	NA	NA	NA	NA
Ath_NP_172320.1-Ath_NP_173919.1	NG	0.787	NA	NA	1.09673e-16	1212	283.208	928.792	NA	668	215.333	452.667	NA	NA	0.369431	1:1:1:1:1:1	0.277154(0.325843:0.242821:0.262797)	NA	NA	NA	NA
Ath_NP_172320.1-Ath_NP_564935.1	NG	0.796626	NA	NA	7.85412e-16	1218	285.189	932.811	NA	673	215.25	457.75	NA	NA	0.375955	1:1:1:1:1:1	0.274865(0.322722:0.237203:0.264669)	NA	NA	NA	NA
Ath_NP_172320.1-Ath_NP_001325206.1	NG	0.811954	NA	NA	5.17959e-16	1242	292.002	949.998	NA	693	221.833	471.167	NA	NA	0.385952	1:1:1:1:1:1	0.282147(0.325843:0.248439:0.27216)	NA	NA	NA	NA
Ath_NP_172320.1-Ath_NP_001324626.1	NG	0.163523	0.824859	0.198243	8.53544e-37	1422	331.301	1090.7	NA	326	165.75	160.25	NA	NA	0.317603	1:1:1:1:1:1	0.25697(0.305868:0.217853:0.247191)	NA	NA	NA	NA
Ath_NP_172320.1-Ath_NP_180292.1	NG	0.163523	0.824859	0.198243	8.53544e-37	1422	331.301	1090.7	NA	326	165.75	160.25	NA	NA	0.317603	1:1:1:1:1:1	0.261964(0.309613:0.224719:0.251561)	NA	NA	NA	NA
Ath_NP_172320.1-Ath_NP_001327288.1	NG	0.481696	NA	NA	5.67878e-36	1365	321.176	1043.82	NA	612	241	371	NA	NA	0.133062	1:1:1:1:1:1	0.262797(0.309613:0.224095:0.254682)	NA	NA	NA	NA
Ath_NP_172320.1-Ath_NP_188473.1	NG	0.72351	NA	NA	9.84026e-19	1263	296.223	966.777	NA	671	222.25	448.75	NA	NA	0.319279	1:1:1:1:1:1	0.303787(0.352684:0.262797:0.29588)	NA	NA	NA	NA
Ath_NP_172320.1-Ath_NP_001319836.1	NG	0.505597	2.45284	0.206128	1.29336e-26	1239	289.209	949.791	NA	558	208.667	349.333	NA	NA	0.960125	1:1:1:1:1:1	0.259467(0.305868:0.230337:0.242197)	NA	NA	NA	NA
Ath_NP_172320.1-Ath_NP_193531.1	NG	0.621555	NA	NA	5.09131e-28	1263	297.632	965.368	NA	639	231.083	407.917	NA	NA	0.239427	1:1:1:1:1:1	0.284436(0.333958:0.250312:0.269039)	NA	NA	NA	NA
Ath_NP_172320.1-Ath_NP_199472.1	NG	0.636532	2.99937	0.212222	1.13493e-20	1239	291.114	947.886	NA	621	214.333	406.667	NA	NA	1.1917	1:1:1:1:1:1	0.2732(0.308365:0.236579:0.274657)	NA	NA	NA	NA
Ath_NP_172320.1-Ath_NP_001032019.1	NG	0.635403	2.25429	0.281865	4.01363e-17	1191	276.464	914.536	NA	589	197.083	391.917	NA	NA	1.01119	1:1:1:1:1:1	0.271744(0.320849:0.234082:0.2603)	NA	NA	NA	NA
Ath_NP_172320.1-Ath_NP_001119385.1	NG	0.625723	2.27091	0.275539	1.43577e-16	1122	258.75	863.25	NA	551	184.667	366.333	NA	NA	1.00513	1:1:1:1:1:1	0.265918(0.313983:0.229089:0.254682)	NA	NA	NA	NA
Ath_NP_172320.1-Ath_NP_199473.1	NG	0.618666	2.50198	0.247271	3.19298e-20	1263	297.703	965.297	NA	622	215.333	406.667	NA	NA	1.06258	1:1:1:1:1:1	0.277986(0.327091:0.242197:0.264669)	NA	NA	NA	NA
Ath_NP_173278.1-Ath_NP_173919.1	NG	0.368243	NA	NA	3.2996e-57	1602	365.396	1236.6	NA	636	276.167	359.833	NA	NA	0.0561641	1:1:1:1:1:1	0.316687(0.350187:0.281523:0.318352)	NA	NA	NA	NA
Ath_NP_173278.1-Ath_NP_564935.1	NG	0.380636	2.60657	0.146029	3.81726e-48	1575	359.229	1215.77	NA	624	261.083	362.917	NA	NA	0.888331	1:1:1:1:1:1	0.314399(0.347066:0.275905:0.320225)	NA	NA	NA	NA
Ath_NP_173278.1-Ath_NP_001325206.1	NG	0.349848	2.43688	0.143564	3.76238e-50	1539	355.114	1183.89	NA	587	256	331	NA	NA	0.831417	1:1:1:1:1:1	0.321681(0.350187:0.287141:0.327715)	NA	NA	NA	NA
Ath_NP_173278.1-Ath_NP_001324626.1	NG	0.734829	3.16003	0.232539	5.12645e-16	1206	284.882	921.118	NA	642	210.5	431.5	NA	NA	1.30771	1:1:1:1:1:1	0.296504(0.330212:0.256554:0.302747)	NA	NA	NA	NA
Ath_NP_173278.1-Ath_NP_180292.1	NG	0.734829	3.16003	0.232539	5.12645e-16	1206	284.882	921.118	NA	642	210.5	431.5	NA	NA	1.30771	1:1:1:1:1:1	0.301498(0.333958:0.263421:0.307116)	NA	NA	NA	NA
Ath_NP_173278.1-Ath_NP_001327288.1	NG	0.739859	2.61397	0.283041	5.03518e-15	1260	293.666	966.334	NA	668	213.5	454.5	NA	NA	1.17665	1:1:1:1:1:1	0.30233(0.333958:0.262797:0.310237)	NA	NA	NA	NA
Ath_NP_173278.1-Ath_NP_188473.1	NG	0.284432	2.89589	0.0982191	2.48936e-70	1641	387.033	1253.97	NA	581	284.167	296.833	NA	NA	0.900351	1:1:1:1:1:1	0.343321(0.377029:0.301498:0.351436)	NA	NA	NA	NA
Ath_NP_173278.1-Ath_NP_001319836.1	NG	0.761124	NA	NA	1.83689e-20	1386	320.963	1065.04	NA	755	245.75	509.25	NA	NA	0.353291	1:1:1:1:1:1	0.299001(0.330212:0.269039:0.297753)	NA	NA	NA	NA
Ath_NP_173278.1-Ath_NP_193531.1	NG	0.783427	2.80924	0.278875	1.86049e-16	1497	350.501	1146.5	NA	814	256.667	557.333	NA	NA	1.25774	1:1:1:1:1:1	0.32397(0.358302:0.289014:0.324594)	NA	NA	NA	NA
Ath_NP_173278.1-Ath_NP_199472.1	NG	0.80447	NA	NA	1.38158e-18	1530	355.878	1174.12	NA	847	267.667	579.333	NA	NA	0.38475	1:1:1:1:1:1	0.312734(0.332709:0.275281:0.330212)	NA	NA	NA	NA
Ath_NP_173278.1-Ath_NP_001032019.1	NG	0.814582	2.79016	0.291948	7.74291e-15	1443	336.372	1106.63	NA	796	246.167	549.833	NA	NA	1.2751	1:1:1:1:1:1	0.311278(0.345194:0.272784:0.315855)	NA	NA	NA	NA
Ath_NP_173278.1-Ath_NP_001119385.1	NG	0.809396	2.81421	0.287611	2.40166e-14	1377	321.317	1055.68	NA	758	235.333	522.667	NA	NA	1.27721	1:1:1:1:1:1	0.305452(0.338327:0.26779:0.310237)	NA	NA	NA	NA
Ath_NP_173278.1-Ath_NP_199473.1	NG	0.780356	2.93669	0.265726	2.31225e-17	1515	356.663	1158.34	NA	824	262.167	561.833	NA	NA	1.288	1:1:1:1:1:1	0.31752(0.351436:0.280899:0.320225)	NA	NA	NA	NA
Ath_NP_173919.1-Ath_NP_564935.1	NG	0.124854	1.00275	0.124512	4.6408e-62	1575	351.25	1223.75	NA	335	194.25	140.75	NA	NA	0.320638	1:1:1:1:1:1	0.291511(0.337703:0.254057:0.282772)	NA	NA	NA	NA
Ath_NP_173919.1-Ath_NP_001325206.1	NG	0.127702	1.13907	0.112111	1.14287e-67	1536	347.268	1188.73	NA	343	203.417	139.583	NA	NA	0.356358	1:1:1:1:1:1	0.298793(0.340824:0.265293:0.290262)	NA	NA	NA	NA
Ath_NP_173919.1-Ath_NP_001324626.1	NG	0.792761	NA	NA	1.78743e-17	1212	283.957	928.043	NA	673	218.833	454.167	NA	NA	0.372738	1:1:1:1:1:1	0.273616(0.320849:0.234707:0.265293)	NA	NA	NA	NA
Ath_NP_173919.1-Ath_NP_180292.1	NG	0.792761	NA	NA	1.78743e-17	1212	283.957	928.043	NA	673	218.833	454.167	NA	NA	0.372738	1:1:1:1:1:1	0.27861(0.324594:0.241573:0.269663)	NA	NA	NA	NA
Ath_NP_173919.1-Ath_NP_001327288.1	NG	0.743276	2.54193	0.292407	1.30689e-14	1260	291.5	968.5	NA	668	211.25	456.75	NA	NA	1.15939	1:1:1:1:1:1	0.279442(0.324594:0.240949:0.272784)	NA	NA	NA	NA
Ath_NP_173919.1-Ath_NP_188473.1	NG	0.342077	2.46908	0.138544	8.87735e-54	1605	369.053	1235.95	NA	606	266.5	339.5	NA	NA	0.831159	1:1:1:1:1:1	0.320433(0.367665:0.27965:0.313983)	NA	NA	NA	NA
Ath_NP_173919.1-Ath_NP_001319836.1	NG	0.775905	NA	NA	2.69307e-17	1359	310.821	1048.18	NA	740	233.25	506.75	NA	NA	0.369732	1:1:1:1:1:1	0.276113(0.320849:0.247191:0.2603)	NA	NA	NA	NA
Ath_NP_173919.1-Ath_NP_193531.1	NG	0.800524	2.44481	0.327438	9.6441e-14	1458	334.165	1123.84	NA	794	241	553	NA	NA	1.17739	1:1:1:1:1:1	0.301082(0.348939:0.267166:0.287141)	NA	NA	NA	NA
Ath_NP_173919.1-Ath_NP_199472.1	NG	0.827472	3.67537	0.22514	9.65154e-16	1470	334.154	1135.85	NA	818	248.75	569.25	NA	NA	1.47484	1:1:1:1:1:1	0.289846(0.323346:0.253433:0.292759)	NA	NA	NA	NA
Ath_NP_173919.1-Ath_NP_001032019.1	NG	0.840768	3.26226	0.257726	4.76631e-14	1392	316.419	1075.58	NA	778	234.25	543.75	NA	NA	1.3912	1:1:1:1:1:1	0.28839(0.33583:0.250936:0.278402)	NA	NA	NA	NA
Ath_NP_173919.1-Ath_NP_001119385.1	NG	0.829997	2.83708	0.292553	3.83808e-13	1326	300.279	1025.72	NA	735	220.083	514.917	NA	NA	1.28451	1:1:1:1:1:1	0.282563(0.328964:0.245943:0.272784)	NA	NA	NA	NA
Ath_NP_173919.1-Ath_NP_199473.1	NG	0.80601	2.46946	0.326391	4.37253e-14	1464	336.85	1127.15	NA	800	243.25	556.75	NA	NA	1.18875	1:1:1:1:1:1	0.294632(0.342072:0.259051:0.282772)	NA	NA	NA	NA
Ath_NP_564935.1-Ath_NP_001325206.1	NG	0.121368	0.57162	0.212323	1.70342e-30	1521	342.286	1178.71	NA	269	136.917	132.083	NA	NA	0.222693	1:1:1:1:1:1	0.296504(0.337703:0.259675:0.292135)	NA	NA	NA	NA
Ath_NP_564935.1-Ath_NP_001324626.1	NG	0.794744	2.52497	0.314753	1.82635e-12	1218	286.67	931.33	NA	664	207.583	456.417	NA	NA	1.20197	1:1:1:1:1:1	0.271328(0.317728:0.229089:0.267166)	NA	NA	NA	NA
Ath_NP_564935.1-Ath_NP_180292.1	NG	0.794744	2.52497	0.314753	1.82635e-12	1218	286.67	931.33	NA	664	207.583	456.417	NA	NA	1.20197	1:1:1:1:1:1	0.276321(0.321473:0.235955:0.271536)	NA	NA	NA	NA
Ath_NP_564935.1-Ath_NP_001327288.1	NG	0.713018	2.67647	0.266403	7.63141e-16	1230	286.637	943.363	NA	643	208.917	434.083	NA	NA	1.17058	1:1:1:1:1:1	0.277154(0.321473:0.235331:0.274657)	NA	NA	NA	NA
Ath_NP_564935.1-Ath_NP_188473.1	NG	0.358466	1.87989	0.190685	6.06526e-43	1569	361.237	1207.76	NA	593	248.833	344.167	NA	NA	0.708749	1:1:1:1:1:1	0.318144(0.364544:0.274032:0.315855)	NA	NA	NA	NA
Ath_NP_564935.1-Ath_NP_001319836.1	NG	0.76339	NA	NA	4.69102e-18	1335	307.105	1027.89	NA	724	231.667	492.333	NA	NA	0.357737	1:1:1:1:1:1	0.273824(0.317728:0.241573:0.262172)	NA	NA	NA	NA
Ath_NP_564935.1-Ath_NP_193531.1	NG	0.801659	NA	NA	8.72193e-21	1458	333.193	1124.81	NA	812	258.083	553.917	NA	NA	0.38993	1:1:1:1:1:1	0.298793(0.345818:0.261548:0.289014)	NA	NA	NA	NA
Ath_NP_564935.1-Ath_NP_199472.1	NG	0.797202	NA	NA	1.55459e-19	1476	335.455	1140.55	NA	816	256.083	559.917	NA	NA	0.388747	1:1:1:1:1:1	0.287557(0.320225:0.247815:0.294632)	NA	NA	NA	NA
Ath_NP_564935.1-Ath_NP_001032019.1	NG	0.799371	NA	NA	4.18437e-23	1389	316.122	1072.88	NA	779	251.5	527.5	NA	NA	0.389853	1:1:1:1:1:1	0.286101(0.332709:0.245318:0.280275)	NA	NA	NA	NA
Ath_NP_564935.1-Ath_NP_001119385.1	NG	0.787858	NA	NA	7.37404e-22	1323	299.942	1023.06	NA	736	237.083	498.917	NA	NA	0.382526	1:1:1:1:1:1	0.280275(0.325843:0.240325:0.274657)	NA	NA	NA	NA
Ath_NP_564935.1-Ath_NP_199473.1	NG	0.769948	NA	NA	5.61652e-24	1461	335.997	1125	NA	805	263.5	541.5	NA	NA	0.3629	1:1:1:1:1:1	0.292343(0.338951:0.253433:0.284644)	NA	NA	NA	NA
Ath_NP_001325206.1-Ath_NP_001324626.1	NG	0.799813	NA	NA	6.84767e-17	1251	294.181	956.819	NA	695	224.417	470.583	NA	NA	0.376576	1:1:1:1:1:1	0.27861(0.320849:0.240325:0.274657)	NA	NA	NA	NA
Ath_NP_001325206.1-Ath_NP_180292.1	NG	0.799813	NA	NA	6.84767e-17	1251	294.181	956.819	NA	695	224.417	470.583	NA	NA	0.376576	1:1:1:1:1:1	0.283604(0.324594:0.247191:0.279026)	NA	NA	NA	NA
Ath_NP_001325206.1-Ath_NP_001327288.1	NG	0.682605	2.84711	0.239754	2.80706e-18	1257	293.593	963.407	NA	647	215.25	431.75	NA	NA	1.18816	1:1:1:1:1:1	0.284436(0.324594:0.246567:0.282147)	NA	NA	NA	NA
Ath_NP_001325206.1-Ath_NP_188473.1	NG	0.332048	2.62589	0.126451	2.52248e-56	1581	367.759	1213.24	NA	593	267.5	325.5	NA	NA	0.865622	1:1:1:1:1:1	0.325427(0.367665:0.285268:0.323346)	NA	NA	NA	NA
Ath_NP_001325206.1-Ath_NP_001319836.1	NG	0.796468	NA	NA	2.67884e-18	1356	313.879	1042.12	NA	751	239.667	511.333	NA	NA	0.380631	1:1:1:1:1:1	0.281107(0.320849:0.252809:0.269663)	NA	NA	NA	NA
Ath_NP_001325206.1-Ath_NP_193531.1	NG	0.753478	5.42763	0.138823	3.61781e-19	1422	328.459	1093.54	NA	766	246.167	519.833	NA	NA	1.83313	1:1:1:1:1:1	0.306076(0.348939:0.272784:0.296504)	NA	NA	NA	NA
Ath_NP_001325206.1-Ath_NP_199472.1	NG	0.731689	NA	NA	2.36131e-22	1431	328.678	1102.32	NA	767	251.917	515.083	NA	NA	0.333947	1:1:1:1:1:1	0.29484(0.323346:0.259051:0.302122)	NA	NA	NA	NA
Ath_NP_001325206.1-Ath_NP_001032019.1	NG	0.761001	NA	NA	2.49519e-26	1353	310.174	1042.83	NA	749	250.417	498.583	NA	NA	0.357293	1:1:1:1:1:1	0.293383(0.33583:0.256554:0.287765)	NA	NA	NA	NA
Ath_NP_001325206.1-Ath_NP_001119385.1	NG	0.744138	NA	NA	2.15988e-26	1287	293.905	993.095	NA	707	238.333	468.667	NA	NA	0.345839	1:1:1:1:1:1	0.287557(0.328964:0.251561:0.282147)	NA	NA	NA	NA
Ath_NP_001325206.1-Ath_NP_199473.1	NG	0.734919	NA	NA	1.71893e-26	1425	330.517	1094.48	NA	774	261.25	512.75	NA	NA	0.332518	1:1:1:1:1:1	0.299625(0.342072:0.264669:0.292135)	NA	NA	NA	NA
Ath_NP_001324626.1-Ath_NP_180292.1	NG	NA	NA	NA	NA	1440	333.818	1106.18	NA	0	NA	NA	NA	NA	NA	1:1:1:1:1:1	0.258427(0.304619:0.216604:0.254057)	NA	NA	NA	NA
Ath_NP_001324626.1-Ath_NP_001327288.1	NG	0.507074	3.07003	0.165169	1.26663e-31	1347	315.937	1031.06	NA	613	233	380	NA	NA	1.10821	1:1:1:1:1:1	0.259259(0.304619:0.21598:0.257179)	NA	NA	NA	NA
Ath_NP_001324626.1-Ath_NP_188473.1	NG	0.731779	NA	NA	4.40011e-21	1275	299.37	975.63	NA	686	230.083	455.917	NA	NA	0.325157	1:1:1:1:1:1	0.30025(0.34769:0.254682:0.298377)	NA	NA	NA	NA
Ath_NP_001324626.1-Ath_NP_001319836.1	NG	0.533673	5.58571	0.0955425	5.80921e-29	1251	291.837	959.163	NA	585	218.75	366.25	NA	NA	1.71223	1:1:1:1:1:1	0.25593(0.300874:0.222222:0.244694)	NA	NA	NA	NA
Ath_NP_001324626.1-Ath_NP_193531.1	NG	0.691534	3.13751	0.220409	6.99057e-19	1263	297.988	965.012	NA	656	220.083	435.917	NA	NA	1.26863	1:1:1:1:1:1	0.280899(0.328964:0.242197:0.271536)	NA	NA	NA	NA
Ath_NP_001324626.1-Ath_NP_199472.1	NG	0.688563	NA	NA	4.22931e-23	1239	291.428	947.572	NA	652	225.083	426.917	NA	NA	0.291392	1:1:1:1:1:1	0.269663(0.303371:0.228464:0.277154)	NA	NA	NA	NA
Ath_NP_001324626.1-Ath_NP_001032019.1	NG	0.672776	3.01033	0.223489	3.54783e-18	1191	277.117	913.883	NA	610	204.083	405.917	NA	NA	1.21667	1:1:1:1:1:1	0.268206(0.315855:0.225968:0.262797)	NA	NA	NA	NA
Ath_NP_001324626.1-Ath_NP_001119385.1	NG	0.661857	2.74619	0.241009	9.09395e-17	1122	260.014	861.986	NA	569	190	379	NA	NA	1.14488	1:1:1:1:1:1	0.26238(0.308989:0.220974:0.257179)	NA	NA	NA	NA
Ath_NP_001324626.1-Ath_NP_199473.1	NG	0.65657	3.07974	0.21319	3.44381e-20	1263	298.019	964.981	NA	642	219.833	422.167	NA	NA	1.22834	1:1:1:1:1:1	0.274449(0.322097:0.234082:0.267166)	NA	NA	NA	NA
Ath_NP_180292.1-Ath_NP_001327288.1	NG	0.507074	3.07003	0.165169	1.26663e-31	1347	315.937	1031.06	NA	613	233	380	NA	NA	1.10821	1:1:1:1:1:1	0.264253(0.308365:0.222846:0.261548)	NA	NA	NA	NA
Ath_NP_180292.1-Ath_NP_188473.1	NG	0.731779	NA	NA	4.40011e-21	1275	299.37	975.63	NA	686	230.083	455.917	NA	NA	0.325157	1:1:1:1:1:1	0.305243(0.351436:0.261548:0.302747)	NA	NA	NA	NA
Ath_NP_180292.1-Ath_NP_001319836.1	NG	0.533673	5.58571	0.0955425	5.80921e-29	1251	291.837	959.163	NA	585	218.75	366.25	NA	NA	1.71223	1:1:1:1:1:1	0.260924(0.304619:0.229089:0.249064)	NA	NA	NA	NA
Ath_NP_180292.1-Ath_NP_193531.1	NG	0.691534	3.13751	0.220409	6.99057e-19	1263	297.988	965.012	NA	656	220.083	435.917	NA	NA	1.26863	1:1:1:1:1:1	0.285893(0.332709:0.249064:0.275905)	NA	NA	NA	NA
Ath_NP_180292.1-Ath_NP_199472.1	NG	0.688563	NA	NA	4.22931e-23	1239	291.428	947.572	NA	652	225.083	426.917	NA	NA	0.291392	1:1:1:1:1:1	0.274657(0.307116:0.235331:0.281523)	NA	NA	NA	NA
Ath_NP_180292.1-Ath_NP_001032019.1	NG	0.672776	3.01033	0.223489	3.54783e-18	1191	277.117	913.883	NA	610	204.083	405.917	NA	NA	1.21667	1:1:1:1:1:1	0.2732(0.3196:0.232834:0.267166)	NA	NA	NA	NA
Ath_NP_180292.1-Ath_NP_001119385.1	NG	0.661857	2.74619	0.241009	9.09395e-17	1122	260.014	861.986	NA	569	190	379	NA	NA	1.14488	1:1:1:1:1:1	0.267374(0.312734:0.22784:0.261548)	NA	NA	NA	NA
Ath_NP_180292.1-Ath_NP_199473.1	NG	0.65657	3.07974	0.21319	3.44381e-20	1263	298.019	964.981	NA	642	219.833	422.167	NA	NA	1.22834	1:1:1:1:1:1	0.279442(0.325843:0.240949:0.271536)	NA	NA	NA	NA
Ath_NP_001327288.1-Ath_NP_188473.1	NG	0.734336	2.22887	0.329465	5.04506e-14	1302	305.418	996.582	NA	684	217.333	466.667	NA	NA	1.08492	1:1:1:1:1:1	0.306076(0.351436:0.260924:0.305868)	NA	NA	NA	NA
Ath_NP_001327288.1-Ath_NP_001319836.1	NG	0.543848	4.36493	0.124595	5.10036e-29	1314	304.013	1009.99	NA	618	227.333	390.667	NA	NA	1.42791	1:1:1:1:1:1	0.261756(0.304619:0.228464:0.252185)	NA	NA	NA	NA
Ath_NP_001327288.1-Ath_NP_193531.1	NG	0.656675	NA	NA	3.54428e-27	1308	306.546	1001.45	NA	678	239.833	438.167	NA	NA	0.268412	1:1:1:1:1:1	0.286725(0.332709:0.248439:0.279026)	NA	NA	NA	NA
Ath_NP_001327288.1-Ath_NP_199472.1	NG	0.652141	NA	NA	2.63871e-28	1275	297.31	977.69	NA	661	235.083	425.917	NA	NA	0.266887	1:1:1:1:1:1	0.275489(0.307116:0.234707:0.284644)	NA	NA	NA	NA
Ath_NP_001327288.1-Ath_NP_001032019.1	NG	0.660549	NA	NA	1.26754e-25	1233	285.695	947.305	NA	640	224	416	NA	NA	0.275788	1:1:1:1:1:1	0.274032(0.3196:0.23221:0.270287)	NA	NA	NA	NA
Ath_NP_001327288.1-Ath_NP_001119385.1	NG	0.646659	NA	NA	3.57762e-24	1164	268.416	895.584	NA	597	208.917	388.083	NA	NA	0.266943	1:1:1:1:1:1	0.268206(0.312734:0.227216:0.264669)	NA	NA	NA	NA
Ath_NP_001327288.1-Ath_NP_199473.1	NG	0.638478	NA	NA	1.51528e-27	1305	305.83	999.17	NA	667	237.5	429.5	NA	NA	0.254497	1:1:1:1:1:1	0.280275(0.325843:0.240325:0.274657)	NA	NA	NA	NA
Ath_NP_188473.1-Ath_NP_001319836.1	NG	0.750194	NA	NA	5.57527e-24	1428	332.382	1095.62	NA	779	259.5	519.5	NA	NA	0.342818	1:1:1:1:1:1	0.302747(0.34769:0.267166:0.293383)	NA	NA	NA	NA
Ath_NP_188473.1-Ath_NP_193531.1	NG	0.761765	4.70826	0.161793	3.13453e-19	1464	342.866	1121.13	NA	793	256.667	536.333	NA	NA	1.68603	1:1:1:1:1:1	0.327715(0.37578:0.287141:0.320225)	NA	NA	NA	NA
Ath_NP_188473.1-Ath_NP_199472.1	NG	0.814316	NA	NA	2.34927e-22	1509	350.504	1158.5	NA	850	274.5	575.5	NA	NA	0.392894	1:1:1:1:1:1	0.316479(0.350187:0.273408:0.325843)	NA	NA	NA	NA
Ath_NP_188473.1-Ath_NP_001032019.1	NG	0.804004	NA	NA	7.36932e-23	1416	330.533	1085.47	NA	797	261.583	535.417	NA	NA	0.382901	1:1:1:1:1:1	0.315023(0.362672:0.270911:0.311486)	NA	NA	NA	NA
Ath_NP_188473.1-Ath_NP_001119385.1	NG	0.791198	NA	NA	2.05184e-22	1350	315.744	1034.26	NA	755	249.417	505.583	NA	NA	0.372265	1:1:1:1:1:1	0.309197(0.355805:0.265918:0.305868)	NA	NA	NA	NA
Ath_NP_188473.1-Ath_NP_199473.1	NG	0.77323	NA	NA	1.93682e-23	1488	350.534	1137.47	NA	821	272.167	548.833	NA	NA	0.355503	1:1:1:1:1:1	0.321265(0.368914:0.279026:0.315855)	NA	NA	NA	NA
Ath_NP_001319836.1-Ath_NP_193531.1	NG	0.595382	2.46077	0.24195	2.58822e-22	1332	307.677	1024.32	NA	643	222.083	420.917	NA	NA	1.02626	1:1:1:1:1:1	0.283396(0.328964:0.254682:0.266542)	NA	NA	NA	NA
Ath_NP_001319836.1-Ath_NP_199472.1	NG	0.598799	2.58222	0.231893	7.03445e-23	1359	310.826	1048.17	NA	658	225.667	432.333	NA	NA	1.05244	1:1:1:1:1:1	0.27216(0.303371:0.240949:0.27216)	NA	NA	NA	NA
Ath_NP_001319836.1-Ath_NP_001032019.1	NG	0.644871	2.55646	0.252251	2.7245e-19	1284	292.454	991.546	NA	641	212.083	428.917	NA	NA	1.08027	1:1:1:1:1:1	0.270703(0.315855:0.238452:0.257803)	NA	NA	NA	NA
Ath_NP_001319836.1-Ath_NP_001119385.1	NG	0.645145	2.83618	0.22747	6.17334e-19	1218	276.41	941.59	NA	610	202.583	407.417	NA	NA	1.14237	1:1:1:1:1:1	0.264877(0.308989:0.233458:0.252185)	NA	NA	NA	NA
Ath_NP_001319836.1-Ath_NP_199473.1	NG	0.625761	2.61581	0.239223	1.14749e-21	1356	312.325	1043.67	NA	670	227.083	442.917	NA	NA	1.08413	1:1:1:1:1:1	0.276945(0.322097:0.246567:0.262172)	NA	NA	NA	NA
Ath_NP_193531.1-Ath_NP_199472.1	NG	0.202335	0.960343	0.21069	9.58784e-40	1563	361.913	1201.09	NA	409	196	213	NA	NA	0.377852	1:1:1:1:1:1	0.297129(0.331461:0.260924:0.299001)	NA	NA	NA	NA
Ath_NP_193531.1-Ath_NP_001032019.1	NG	0.186046	1.00965	0.184268	2.00289e-45	1530	356.115	1173.89	NA	391	197.583	193.417	NA	NA	0.377745	1:1:1:1:1:1	0.295672(0.343945:0.258427:0.284644)	NA	NA	NA	NA
Ath_NP_193531.1-Ath_NP_001119385.1	NG	0.192414	1.02672	0.187406	8.39119e-43	1461	339.013	1121.99	NA	380	189.583	190.417	NA	NA	0.386008	1:1:1:1:1:1	0.289846(0.337079:0.253433:0.279026)	NA	NA	NA	NA
Ath_NP_193531.1-Ath_NP_199473.1	NG	0.177058	0.924562	0.191504	9.9e-45	1602	375.593	1226.41	NA	393	199.583	193.417	NA	NA	0.352312	1:1:1:1:1:1	0.301914(0.350187:0.266542:0.289014)	NA	NA	NA	NA
Ath_NP_199472.1-Ath_NP_001032019.1	NG	0.174674	0.735525	0.237481	8.16676e-31	1494	345.805	1148.2	NA	341	162.083	178.917	NA	NA	0.304489	1:1:1:1:1:1	0.284436(0.318352:0.244694:0.290262)	NA	NA	NA	NA
Ath_NP_199472.1-Ath_NP_001119385.1	NG	0.172497	0.727098	0.237241	1.98017e-29	1425	328.833	1096.17	NA	322	153.083	168.917	NA	NA	0.300477	1:1:1:1:1:1	0.27861(0.311486:0.2397:0.284644)	NA	NA	NA	NA
Ath_NP_199472.1-Ath_NP_199473.1	NG	0.168228	0.741299	0.226936	1.48888e-34	1566	365.457	1200.54	NA	353	172.083	180.917	NA	NA	0.301966	1:1:1:1:1:1	0.290678(0.324594:0.252809:0.294632)	NA	NA	NA	NA
Ath_NP_001032019.1-Ath_NP_001119385.1	NG	NA	NA	NA	NA	1488	347.557	1140.44	NA	0	NA	NA	NA	NA	NA	1:1:1:1:1:1	0.277154(0.32397:0.237203:0.270287)	NA	NA	NA	NA
Ath_NP_001032019.1-Ath_NP_199473.1	NG	NA	NA	NA	NA	1557	364.14	1192.86	NA	0	NA	NA	NA	NA	NA	1:1:1:1:1:1	0.289222(0.337079:0.250312:0.280275)	NA	NA	NA	NA
Ath_NP_001119385.1-Ath_NP_199473.1	NG	NA	NA	NA	NA	1488	347.557	1140.44	NA	0	NA	NA	NA	NA	NA	1:1:1:1:1:1	0.283396(0.330212:0.245318:0.274657)	NA	NA	NA	NA
